Autumn,al,Mr Negroponte,ken However Mr Negroponte,ken,Frank Stone ad,mark,summer Ty,Tara Total Abstract Renderng Archtecture,Tara,Mr Stone,Mr Stone "Ths,Carlos Saldarraga,man,Mr Saldarraga,men,Mr Saldarraga T Cepes researcr,Karl Elsener's knfe t Swss Ar Knfe,Dan Gllmor,Cory Doctorow European,Mr Doctorow,Ben Coppn,Mr Coppn "Two,Pete Buckngham ad of Dstrbuton,Ms Deans,Hugo Lueders European,Curt Hopkns,Mr Hopkns "That,Ellen Smonett,Mr Hopkns "Some,Mr Hopkns,James Good,Mr Good,Mr Good Far,Mr Good sad,Ken Kutarag,Dr Maro Pancca,Dr Pancca,Dan Hak,Alexander Fang,Dr Pancca Whle,summer,Mr Gates,ted,Mr Danton,Jonathan Schwartz "Why,Mr Schwartz,Mr Srdharan "Once,Mr Srdharan,Alberta,Shauna Perry Boware's,Ms Perry,Steve Lnford,Stanley,Mr Stanley,Mr Hogan Whle,Mr Hogan,Ms Sanders,Shane Wllams,della Francesco,Andrew Thompson,Andy Townsend,Mr Townsend,Mr Torvalds,Mr Kapor,Barry Beal,Steve Ash,Mr Ash,Dr Alastar Brydon,Unted Naton's,Roger Cummng,Mr Sgarch,Mr Sgarch's,Al Khamene Mr Sgarch's lawyer,Dallas,Mr McGure research,Mr McGure,Rene Obern TMoble's,summer Wf,Mr Obern,Steve Wensten,Kurt Opsahl "Ths,Jason OGrady As,Tom Goldsten,dean,Adam Vaughan,Mr Vaughan "Take,Grant Dean,Shaun,Alexander McQueen,Lee Rane,Mr Dyer As,Mr Dyer,Doug Rasor,Mr Wong,summer Detals,Rory Armes,Tony Mackln,rod,reman,Mr ngram Despte t ncreases BT wll contnue,summer Customers,Thomas Husson,Jan Vetham Capgemn's,Mr Vetham,Mr Lanzone,Mr Lanzone "Our,Mr Lanzone Rumours,Ms Mlanes,Ms Mlanes "People,Jerry Yang,Jonathan Swft,Mr Yang,autumn,Mr Flynn,Mr Flynn "People,Andrew Bud,Mr Flynn Also,Mr Flynn Vodafone,Mr Raskn,Mr Raskn's,Mr Raskn joned Apple n,Andy,Steve Jobs,Mr Noone,Owen,Mr Owen,Dr Carl Gavn,Mr Owen Players,Ben Wllamson,Dr Gavn,Angela MacFarlane,Mr Owen "Even,Seth,Allen Wlson,Andrew Fanara,Clark,Mr Clark,Dr Nobles Cybercrmnals,Dr Phl Nobles,Mr Clark "We,Dr Nobles,Dana Centre,Mr Makower,Mr Makower But f Chnese,Jonathan Rosenberg Google's,Pete Smpson ad,Mr Smpson,Benny,Paul Kng,Mr Kng,Gary Stowell,Mr Stowell,Kerry,Mr Mackln,Fred Hasson ad of Tga,Mr Hasson,Gary Dunn,Jason Kngsley,Mr Dunn,Graham Cluley,Mr Cluley,John Houlhan,Mr Houlhan,Ms Relle S,Andrew Pearson European,Mr Pearson,Andrew Burke,Mr Ayers As,Mr Allan,Mr Burke,Nolan,Mr Nolan T bg Blogges battle wll,Bert Hanson "So,Ms Hanson "People,Unted States,Dan Glck MPAA,Mr Glck,Frank Allan Bruvk,"John Doe",Kent,Bob Larrbeau,Dean,Mr Dean,Mr Dean "Our DVDs,Mr Dean Although,Mr Dean One,Mr Dean Hghdefnton,Mr Dean But,Arnold Schwarzenegger,al nformaton Spyware s consdered,Mr Caudwell,Al Abtah,Andrew Nachson Drector,George,Mr Nachson,Mr Nachson However,Mr Nachson "And,Peter Molyneux,Mr Molyneux,George W Bush T blockng,George W Bush webste,Ms Smonett,Ms Smonett's flght "wngs" "Ty dd,Jeffrey Matsuura,Mr Matsuura,Sr Peter Blake Tracey Emn,Jack Vettrano But,Lawrence Lvermore Natonal Laboratores,Dane Carr,Dr Andrew Burn,Roger Bennett,Mr Gupta,Sr Lanka "We,Mr Gupta "Morquend,Sr Lankan,Sr Lanka,Dallas Mr Kotamaraja,Mr Kotamaraja,Sr Lanka blogger Morquend s recrutng otrs,John Connors Mcrosoft's,Kathy Rttweger,drew,Adam Curry Podcastng,Mr Curry,Mr Curry s Amercan,Mr Curry's,Doug Kaye,"Adam,Drew Show,Mr Mcntyre,Adam Curry's,Ed Sullvan,Johnny Carson,Paul Trotter news,Mr Trotter,Mr Trotter Otr,Unted States",Peter Moore "We've,Dr Doug Wllams,Peter Stollenmayer,John Wyver,Mr Wyver,Harry Potter,fred "Wn,Jason Parknson,Troy,Mr Sans,Mr San,Mr Rubn,fred,Mr Chrste,Supt Deats,Todd Then,Mr Then,George W Bush s blockng vsts,Scott Stanzel,George W Bush doman,Mr Whalley Credt,Mr Whalley For,Mr Whalley Currently,jon Darth Vader,Luke Skywalker,John Wllams,George Lucas',Matt Lucas T muchantcpated scf horror Doom,Tracey,Mr rsh Stuff,Mr rsh "Ded s,Mr rsh Ths Chrstmas gadgets wll,Mr rsh "Gadgets nowadays,Paul Reynolds chef executve,Crystal Harmony,Crystal Cruses,Ms Mussel,Russell McGure,Jerry Klgore,fred Ellen Smonett,Ms Smonett's,Mr Gates',Samuel,Jackson,Santos,Mr Donofro,Mr Donofro Pervasve,Mr Donofro "Trllons,Mr Donofro Deep,gene,men" Eventually,Mr Donofro "We,Larry Nven's Rngworld,Claude Errera,Mr Byss "Pankller,CPL World Tour,Mr Wrde,Lawrence Lvermore Natonal Laboratory,Gene,Sr Lankan coast Cell phone sgnals,Mr Senanayake,Mr Senanayake's,Mr Rampersad,van ravaged t Carbbean,Unted States last September Last week,Dan Lane,Paul Saffo,Mr Rampersad "So,Dr Bowden,Dr Bowden "Now,Dr Bowden "But,grace t Earth begn,Mary Madden For,Ms Madden,Ms Madden "Ty,sue,Thomas Slattery,Ernest Gellhorn,George Mason Unversty "As,Prof Gellhorn,Mr Slattery,Blake rvng Ths s Mcrosoft's,John Crag,Karen Thomson Chef Executve,Mr Short More and more,Gordon Free,chase,Mr Dorty,Mr Dorty Currently,Mr Cardwell,Dr Johan Pouwelse,Mr Pouwelse,Howard Dean More,Mr Frasca,Dr Frasca,crystal ball Hs job s,Mr Pearson "So,Susan Greenfeld At,"al body networks",ron,Jeff Joseph,Mr Joseph,summer nstead Wth,Bob Cratcht's,Jonathan Wolpaw,Perry,Dr Jakob Nelsen,Dr Nelsen,Dr Nelsen "But,wade,Greg Mlls,Mr Graber "Casual,buddy,Spencer Abraham,Paul Arlng,regan,Jay LeBoff,Mr Romen,Mr Fogg,Anne,Anne Bll Thompson,al crcumstances Senor,Rob Dwght,Kyle,Mr Polln,Mr Polln "That,Mr Polln Stes,Ken Kutarag Chef Operatng Offcer of Sony "Current PC archtecture s nearng ts lmts",Mr Daves "But,Mr Daves,Mr Daves Tre,Mr Gate's,Alex Hlton,Doug Lombard,man Steam,Rob Fay,Mr Fay,Paul Randle Mcrosoft Wndows Clent,Max,Prof Reddy,Prof Reddy decded,PhD Prassana Rambathla,Prof Reddy's,Prof Brewer,Prof Reddy thnks ths knd,Unted Natons Development Programme,Unted Devces,Max Lyons,Bryce Canyon Natonal Park n Utah,Mr Lyons',Mr Lyons,John Underwood t behnd t LveShot webste,Mr Underwood,Lynne Brndley,Mr Stenng,Paul,Mark Mullgan,Mr Mullgan,John Kerry,George W Bush",Sam Yagan Tre,Mr Palmer,Mr Palmer "However,van Gogh,Mr van Gogh's,Peter Schoonen Otr,Mr Rechhold,Mr Fsr,Joe,Mr Warner,Mr Hosford As,Mr Hosford,Mr Hosford Such,Dr Mchael Bjorn,Dr Bjorn "Ty,Dr Bjorn,Mr Chandratllake,Adam Hume,Stacey Jolna,Mr Hanlon,Mr Hanlon "Ultmately,Mark Sunner,Mr Sunner,al Dgtal Assstants,Roy Wllams,Mr Larsson "People,Mr Larsson,Mr Larsson Accordng,Marc Morn,Mr Vogt Respond supples maps,Ms Forna's,Gwen Stefan,Ms Stefan,Ms Forna,Dr Davd Gllngwater,'al,Dr Gllngwater,Dr Avner,Dr Gllngwater "What's,Ms Harker,Warren Leblanc,Dr Cumberbatch,Dr Cumberbatch ad,James Martn's,Jan ad,Mr Jan "Ty,Mr Bud Ths,James Roper,Mr Roper,Bernard Software,Susan Wojcck,Paul LeClerc,John Wlkn,crystal,Jo Flarty,Andy Quested,Mr Quested,Unted States Europe,Ross,Mr Ross,Ann Smpson,Wanda,Wanda And Colossus Release,Andre Tarkovsky's,James Bond,Dr No Goldfnger,James Bond's,Kelly Holmes',Unted Natons Economc Commsson,Clara Calforna Superor Court Apple,Marco Behrn,Robert Currngton,Mr Currngton,Ben Verwaayen,summer Tre,Eva Lchtenberg,Mr Jobs,Mr Jobs Mr Jobs,Gordon Renton "T,Mr Renton "t s,Mr Renton,autumn fve mllon Brtons,jon,Tony Blar,Crystal As,Ms Brunn,Mr Holzle Mcrosoft,Dr John,Kelly,Adam Jollans,Mr Jollans,Stuart Con,Mr Mueller,Alexander Lnden,Mr Kng Ths,Malcolm Seagrave,Mr Seagrave However,Ms Capella Ths,Ms Capella "We,Mr Seagrave "We,Mr Seagrave Also,Mr Seagrave,Lee Jacobsen,Mr Jacobsen,Peter Dow,Mr Jacobsen's,Mr Dow TMoble,Ryan Samuel Ptylak,Mark Stepn Trotter of Calforna Both,Greg Abbott Texas,Mr Ptylak,Mr Trotter's,Mr Abbott,Aaron Foster,Mr Foster,Mr Treacy,Mr Tracey,al Area Networks,John Madden,Mr Florn,Mr Bolz,Roy Tansley,Mr Tansley,Mr Tansley's nventon t ProShft s desgned,Dave Hawkns,Murray,Trevor,al photo lbrares Photo gants,Marcus Hawkns,Mr Hawkns,Mr Hawkns "But,Ross Blanchard,Alan Schwartz,Mr Tveter,Adam Thomas,Mr Hogan "Ty,Mr Hogan "What,Noel Dempsey,Mr Arn,Mr Purushotma Tre,Mr Purushotma,Mr Purushotma By,summer",Mr Purushotma's,Taylor,Ms Taylor,Mr Doctorow DRM,Mr Wess sad "Old,Marc Morgenstern,Mr Morgenstern But,Derek,Pearl Harbour,Mr Evans,Mr Jobs',Ross deputy,Mr Fogg Apple,Mr Fogg "T Mac mn s,Mr Gammage,Mr Cox t Mac mn s,Mr Wasenus "But,Steve Taylor commented "Lsteners,jon tm Lsten agan,Dr Mark Tuffy,Dr Tuffy But,Dr Tuffy "But,Dr Tuffy,Mr Armes,Mr Gardner,Paul Goosens ad of Preventon,Mr Goosens Securty,Mr Goosens,Steve Kleynhans,Mr Monteth,Dr Alastar Sbbald "We,Mark Sparrow,al Vdeo Recorders,Graham Barlow,Allen Wener,Mr Wener,Terry Semel,Mr Wener Hs,Mr Wener Nck Hazel Yahoo's ad,Jeff Ravencraft,James Crdland ad,Mr Crdland,Steve Beeks,Mr Beeks,Mr Cracknell "Accdental,Ben Wood,Mr Wood Sony Ercsson,Ed Zander,Steve Jobs Some analysts thnk Motorola,Mr Wood,Mr Allard,Mr Allard Only,Mr Allard Durng,Bruce Lee,Andrew Burke Wth,Mr Chakkara "So,summer Although,Mr Templeton,jack,Jonathan Mller "We,Ray,Robert Qunn Game's,Ms Fnger Wanadoo,Karen Walsh,uncle,James Cosgrave,John Sankus,Kent Kartadnata,"John Sankus,Raymond Grffths,Mr Grffths,Mr Townsden,Alex Bell,Steven Dowd's,Clara County Superor Court Judge James Klenberg Apple,Kurt Opsahl Mr Opsahl,John Bnks,Alexander Oudendjk,Mr Bnks,al vdeo recorders PVRs T company wll,Mr Oudendjk "Tre,Mr Oudendjk,Marcel Nenhus,Mr Cluley But,Morgan Securtes,Fred Up Move studos ncludng Lons Gate Entertanment,Adam Curry,Dave Wner,Ron Bloom's,Drew Show One Erc Rce,Mr Fscr "Ty,Mr Fscr,Dr Carpenter "Second,Dr Carpenter,Dr Carpenter "Gven,Dr Carpenter Standards,Mr Tranor,Mr Tranor research,Rob Pollard,Mr Pollard,Mr Pollard Arbor Network's,Mr Stepnson,Mr Stepnson Halstorm,Gary Shapro,Mr Shapro,Mr Gerolam,Arthur D Lttle consultancy,Hugh Grant As,Mr ShnBae Km,Dr Chan Yeob Yeun,Ms Gambno,Mr Babnet,Mr Babnet "We,Mr Guest,Ted Con,Mr Con,Mrs Gescr,Mr Beckham,Anna Kournkova popstars Brtney Spears,Everett,Ms Everett,Scott Rchter t behnd OptnRealBgcom,Mr Rchter,Steven Rchter,Ed Graczyk,Mr Graczyk Mcrosoft,Mr Graczyk "As,Mr Graczyk PTV,Mark Braley,Susanne Rsse,James Cameron,Alta,Mr Cameron But,Mr Walsh,Mr Wrght,George Lucas,Dr Seuss",Mr Wrght Few,John Batter,Mr Batter,Mr Yoran,Mr Yoran's,Charles Macntyre,Stuart StantonDaves n Huddersfeld Scaremongerng artcles,Unted